val_magn,arg_magn,source
полностью,автоматизировать,Бирюк_и_др_2008
в значительной мере (степени),активизировать,Бирюк_и_др_2008
максимально,активизировать,Бирюк_и_др_2008
резко,активизировать,Бирюк_и_др_2008
всесторонне,анализировать,"Бирюк_и_др_2008, СинТагРус2024"
глубоко,анализировать,"Бирюк_и_др_2008, СинТагРус2024"
детально,анализировать,СинТагРус2024
досконально,анализировать,Бирюк_и_др_2008
исчерпывающе,анализировать,Бирюк_и_др_2008
серьезно,анализировать,Бирюк_и_др_2008
тщательно,анализировать,СинТагРус2024
бешено,аплодировать,Бирюк_и_др_2008
бурно,аплодировать,Бирюк_и_др_2008
горячо,аплодировать,Бирюк_и_др_2008
неистово,аплодировать,Бирюк_и_др_2008
бешено,атаковать,Бирюк_и_др_2008
ожесточенно,атаковать,Бирюк_и_др_2008
громко,ахнуть,
полностью,базироваться,
целиком,базироваться,
быстро,бегать,СинТагРус2024
быстро,бежать,СинТагРус2024
во весь дух,бежать,Бирюк_и_др_2008
во весь опор,бежать,Бирюк_и_др_2008
во все лопатки,бежать,Бирюк_и_др_2008
во всю мочь,бежать,Бирюк_и_др_2008
со всех ног,бежать,Бирюк_и_др_2008
что есть силы,бежать,Бирюк_и_др_2008
всячески,беречь,Бирюк_и_др_2008
свято,беречь,Бирюк_и_др_2008
страшно,бесить,
ужасно,бесить,
страшно,беситься,
ужасно,беситься,
глубоко,беспокоить,Бирюк_и_др_2008
здорово,беспокоить,Бирюк_и_др_2008
мучительно,беспокоить,Бирюк_и_др_2008
очень,беспокоить,Бирюк_и_др_2008
серьезно,беспокоить,Бирюк_и_др_2008
сильно,беспокоить,Бирюк_и_др_2008
страшно,беспокоить,Бирюк_и_др_2008
безустанно,беспокоиться,Бирюк_и_др_2008
очень,беспокоиться,Бирюк_и_др_2008
сильно,беспокоиться,"Бирюк_и_др_2008, СинТагРус2024"
страшно,беспокоиться,Бирюк_и_др_2008
беспощадно,бить,Бирюк_и_др_2008
больно,бить,СинТагРус2024
жестоко,бить,Бирюк_и_др_2008
зверски,бить,Бирюк_и_др_2008
крепко,бить,Бирюк_и_др_2008
немилосердно,бить,Бирюк_и_др_2008
нещадно,бить,Бирюк_и_др_2008
что есть силы,бить,Бирюк_и_др_2008
до последней капли крови,биться,Бирюк_и_др_2008
насмерть,биться,СинТагРус2024
глубоко,благодарить,Бирюк_и_др_2008
горячо,благодарить,"Бирюк_и_др_2008, СинТагРус2024"
от (всей) души,благодарить,Бирюк_и_др_2008
от всего сердца,благодарить,Бирюк_и_др_2008
очень,благодарить,Бирюк_и_др_2008
всячески,благоприятствовать,Бирюк_и_др_2008
очень,благоприятствовать,Бирюк_и_др_2008
ослепительно,блестеть,Бирюк_и_др_2008
адски,болеть,Бирюк_и_др_2008
дико,болеть,Бирюк_и_др_2008
жгуче,болеть,Бирюк_и_др_2008
жутко,болеть,Бирюк_и_др_2008
зверски,болеть,Бирюк_и_др_2008
здорово,болеть,Бирюк_и_др_2008
невыносимо,болеть,Бирюк_и_др_2008
нестерпимо,болеть,Бирюк_и_др_2008
серьезно,болеть,Бирюк_и_др_2008
сильно,болеть,"Бирюк_и_др_2008, СинТагРус2024"
страшно,болеть,Бирюк_и_др_2008
тяжело,болеть,"Бирюк_и_др_2008, СинТагРус2024"
активно,бороться,Бирюк_и_др_2008
беззаветно,бороться,Бирюк_и_др_2008
бескомпромиссно,бороться,Бирюк_и_др_2008
беспощадно,бороться,Бирюк_и_др_2008
до последней капли крови,бороться,Бирюк_и_др_2008
не щадя живота своего,бороться,Бирюк_и_др_2008
неустанно,бороться,"Бирюк_и_др_2008, СинТагРус2024"
неутомимо,бороться,Бирюк_и_др_2008
ожесточенно,бороться,Бирюк_и_др_2008
отчаянно,бороться,Бирюк_и_др_2008
упорно,бороться,СинТагРус2024
безумно,бояться,Бирюк_и_др_2008
жутко,бояться,Бирюк_и_др_2008
здорово,бояться,Бирюк_и_др_2008
очень,бояться,"Бирюк_и_др_2008, СинТагРус2024"
панически,бояться,Бирюк_и_др_2008
патологически,бояться,Бирюк_и_др_2008
сильно,бояться,"Бирюк_и_др_2008, СинТагРус2024"
смертельно,бояться,"Бирюк_и_др_2008, СинТагРус2024"
страшно,бояться,"Бирюк_и_др_2008, СинТагРус2024"
ужасно,бояться,СинТагРус2024
крупно,браниться,Бирюк_и_др_2008
плотно,брать,
дружно,браться,
плотно,браться,
по-настоящему,браться,
решительно,браться,
серьезно,браться,
энергично,браться,
совсем,бросить,
со всех ног,броситься,Бирюк_и_др_2008
что есть силы,броситься,Бирюк_и_др_2008
яростно,брызгать,
вовсю,бушевать,
грозно,бушевать,
неистово,бушевать,
сильно,бушевать,
страшно,бушевать,
обыкновенно,бывать,
постоянно,бывать,
вповалку,валяться,
повсеместно,ввести,
резко,ввести,
повсеместно,вводить,
резко,вводить,
резко,вводиться,
до боли,вглядываться,Бирюк_и_др_2008
очень,вдохновить,Бирюк_и_др_2008
глубоко,вдыхать,СинТагРус2024
абсолютно,верить,Бирюк_и_др_2008
безгранично,верить,Бирюк_и_др_2008
беззаветно,верить,Бирюк_и_др_2008
безоговорочно,верить,СинТагРус2024
безраздельно,верить,Бирюк_и_др_2008
беспредельно,верить,Бирюк_и_др_2008
всерьез,верить,СинТагРус2024
глубоко,верить,Бирюк_и_др_2008
горячо,верить,Бирюк_и_др_2008
до последнего вздоха,верить,Бирюк_и_др_2008
до последнего дыхания,верить,Бирюк_и_др_2008
крепко,верить,Бирюк_и_др_2008
свято,верить,"Бирюк_и_др_2008, СинТагРус2024"
слепо,верить,Бирюк_и_др_2008
твердо,верить,"Бирюк_и_др_2008, СинТагРус2024"
фанатично,верить,Бирюк_и_др_2008
полностью,вернуть,Бирюк_и_др_2008
глубоко,веровать,Бирюк_и_др_2008
бешено,вертеть,Бирюк_и_др_2008
от (всей) души,веселиться,Бирюк_и_др_2008
очень,веселиться,Бирюк_и_др_2008
неизбежно,вести,
пронзительно,взвизгнуть,
яростно,взвизгнуть,
глубоко,взволновать,Бирюк_и_др_2008
крайне,взволновать,Бирюк_и_др_2008
глубоко,вздохнуть,
полной грудью,вздохнуть,
глубоко,вздыхать,Бирюк_и_др_2008
отчаянно,взмолиться,
дружно,взойти,
бешено,взреветь,
оглушительно,взреветь,
страшно,взреветь,
крепко,взять,СинТагРус2024
крепко,взять,
плотно,взять,
дружно,взяться,
по-настоящему,взяться,
решительно,взяться,
серьезно,взяться,
энергично,взяться,
насквозь,видеть,Бирюк_и_др_2008
отчетливо,видеть,СинТагРус2024
ясно,видеть,СинТагРус2024
резко,вилять,
глубоко,вкореняться,Бирюк_и_др_2008
безраздельно,владеть,Бирюк_и_др_2008
в совершенстве,владеть,Бирюк_и_др_2008
всесторонне,владеть,Бирюк_и_др_2008
безраздельно,властвовать,Бирюк_и_др_2008
неудержимо,влечь,Бирюк_и_др_2008
сильно,влечь,Бирюк_и_др_2008
активно,влиять,"Бирюк_и_др_2008, СинТагРус2024"
глубоко,влиять,Бирюк_и_др_2008
серьезно,влиять,Бирюк_и_др_2008
сильно,влиять,СинТагРус2024
существенно,влиять,СинТагРус2024
без памяти,влюбиться,Бирюк_и_др_2008
горячо,влюбиться,Бирюк_и_др_2008
до безумия,влюбиться,Бирюк_и_др_2008
до беспамятства,влюбиться,Бирюк_и_др_2008
по уши,влюбиться,Бирюк_и_др_2008
сильно,влюбиться,Бирюк_и_др_2008
страстно,влюбиться,Бирюк_и_др_2008
безумно,влюбляться,Бирюк_и_др_2008
открыто,вмешаться,Бирюк_и_др_2008
активно,вмешиваться,Бирюк_и_др_2008
беззастенчиво,вмешиваться,Бирюк_и_др_2008
активно,внедрять,Бирюк_и_др_2008
широко,внедрять,Бирюк_и_др_2008
глубоко,вникать,Бирюк_и_др_2008
серьезно,вникать,Бирюк_и_др_2008
глубоко,вникнуть,Бирюк_и_др_2008
до последнего дыхания,воевать,Бирюк_и_др_2008
крайне,возбудить,Бирюк_и_др_2008
сильно,возбудить,Бирюк_и_др_2008
страшно,возбудить,Бирюк_и_др_2008
полностью,возвратить,Бирюк_и_др_2008
активно,воздействовать,Бирюк_и_др_2008
глубоко,возмутить,Бирюк_и_др_2008
до глубины души,возмутить,Бирюк_и_др_2008
глубоко,возмутиться,Бирюк_и_др_2008
до глубины души,возмутиться,Бирюк_и_др_2008
страшно,возмутиться,Бирюк_и_др_2008
глубоко,возмущать,Бирюк_и_др_2008
щедро,вознаграждать,СинТагРус2024
горячо,возражать,Бирюк_и_др_2008
категорически,возразить,Бирюк_и_др_2008
значительно,возрастать,СинТагРус2024
резко,возрастать,СинТагРус2024
серьезно,возрастать,СинТагРус2024
существенно,возрастать,СинТагРус2024
неизмеримо,возрасти,Бирюк_и_др_2008
резко,возрасти,"Бирюк_и_др_2008, СинТагРус2024"
сильно,возрасти,Бирюк_и_др_2008
существенно,возрасти,Бирюк_и_др_2008
глубоко,волновать,Бирюк_и_др_2008
до глубины души,волновать,Бирюк_и_др_2008
до неприличия,волновать,Бирюк_и_др_2008
до слез,волновать,Бирюк_и_др_2008
очень,волновать,Бирюк_и_др_2008
сильно,волновать,Бирюк_и_др_2008
страшно,волновать,Бирюк_и_др_2008
очень,волноваться,Бирюк_и_др_2008
страшно,волноваться,Бирюк_и_др_2008
очень,воодушевлять,Бирюк_и_др_2008
здорово,вооружить,Бирюк_и_др_2008
хорошо,вооружить,Бирюк_и_др_2008
до зубов,вооружиться,Бирюк_и_др_2008
здорово,вооружиться,Бирюк_и_др_2008
хорошо,вооружиться,Бирюк_и_др_2008
благим матом,вопить,Бирюк_и_др_2008
во всю Ивановскую,вопить,Бирюк_и_др_2008
громко,вопить,СинТагРус2024
полностью,воплотиться,Бирюк_и_др_2008
категорически,воспротивиться,Бирюк_и_др_2008
полностью,восстановить,Бирюк_и_др_2008
шумно,восторгаться,Бирюк_и_др_2008
непримиримо,враждовать,Бирюк_и_др_2008
безбожно,врать,Бирюк_и_др_2008
беззастенчиво,врать,Бирюк_и_др_2008
бесстыдно,врать,Бирюк_и_др_2008
нагло,врать,Бирюк_и_др_2008
немилосердно,врать,Бирюк_и_др_2008
бешено,вращать,Бирюк_и_др_2008
всячески,вредить,Бирюк_и_др_2008
здорово,вредить,Бирюк_и_др_2008
серьезно,вредить,Бирюк_и_др_2008
сильно,вредить,Бирюк_и_др_2008
страшно,вредить,Бирюк_и_др_2008
внимательно,всматриваться,СинТагРус2024
серьезно,всполошить,Бирюк_и_др_2008
серьезно,всполошиться,Бирюк_и_др_2008
страшно,всполошиться,Бирюк_и_др_2008
до корней волос,вспыхнуть,Бирюк_и_др_2008
крайне,встревожить,Бирюк_и_др_2008
крайне,встревожиться,Бирюк_и_др_2008
горячо,встретить,Бирюк_и_др_2008
отменно,встретить,Бирюк_и_др_2008
часто,встречаться,СинТагРус2024
полностью,выводить,Бирюк_и_др_2008
резко,выделяться,Бирюк_и_др_2008
полностью,выздороветь,Бирюк_и_др_2008
совсем,выздороветь,Бирюк_и_др_2008
до нитки,вымокнуть,Бирюк_и_др_2008
здорово,вымотать,Бирюк_и_др_2008
здорово,вымотаться,Бирюк_и_др_2008
до нитки,вымочить,Бирюк_и_др_2008
крепко,выпивать,Бирюк_и_др_2008
неукоснительно,выполнять,Бирюк_и_др_2008
строго,выполнять,Бирюк_и_др_2008
бурно,выражать,Бирюк_и_др_2008
ярко,выражать,"Бирюк_и_др_2008, СинТагРус2024"
значительно,вырастать,СинТагРус2024
резко,вырастать,СинТагРус2024
существенно,вырастать,СинТагРус2024
значительно,вырасти,СинТагРус2024
очень,вырасти,СинТагРус2024
отчетливо,вырисовываться,СинТагРус2024
здорово,выругать,Бирюк_и_др_2008
максимально,высвободить,Бирюк_и_др_2008
активно,выступать,Бирюк_и_др_2008
выпукло,выявляться,СинТагРус2024
железно,гарантировать,Бирюк_и_др_2008
надежно,гарантировать,Бирюк_и_др_2008
полностью,гарантировать,Бирюк_и_др_2008
всячески,глумиться,Бирюк_и_др_2008
вовсю,гнать,Бирюк_и_др_2008
очень,гордиться,Бирюк_и_др_2008
сильно,горевать,СинТагРус2024
жарко,гореть,Бирюк_и_др_2008
безраздельно,господствовать,Бирюк_и_др_2008
всецело,господствовать,Бирюк_и_др_2008
всесторонне,готовить,Бирюк_и_др_2008
активно,готовиться,Бирюк_и_др_2008
всесторонне,готовиться,Бирюк_и_др_2008
бесконечно,грустить,Бирюк_и_др_2008
глубоко,грустить,Бирюк_и_др_2008
щедро,дарить,Бирюк_и_др_2008
быстро,двигаться,СинТагРус2024
здорово,деградировать,Бирюк_и_др_2008
катастрофически,деградировать,Бирюк_и_др_2008
полностью,деградировать,Бирюк_и_др_2008
сильно,деградировать,Бирюк_и_др_2008
страшно,деградировать,Бирюк_и_др_2008
активно,действовать,Бирюк_и_др_2008
сильно,действовать,Бирюк_и_др_2008
щедро,делиться,Бирюк_и_др_2008
наглядно,демонстрировать,"Бирюк_и_др_2008, СинТагРус2024"
ярко,демонстрировать,Бирюк_и_др_2008
до основания,демонтировать,Бирюк_и_др_2008
крепко,держать,СинТагРус2024
резко,дешеветь,СинТагРус2024
всячески,дискредитировать,Бирюк_и_др_2008
бесконечно,длиться,Бирюк_и_др_2008
неуклонно,добиваться,Бирюк_и_др_2008
неустанно,добиваться,Бирюк_и_др_2008
абсолютно,доверять,Бирюк_и_др_2008
безгранично,доверять,Бирюк_и_др_2008
всецело,доверять,Бирюк_и_др_2008
полностью,доверять,Бирюк_и_др_2008
сразу,догадываться,СинТагРус2024
неопровержимо,доказать,Бирюк_и_др_2008
горячо,доказывать,Бирюк_и_др_2008
до чертиков,допиться,Бирюк_и_др_2008
крепко,доставаться,Бирюк_и_др_2008
сильно,доставаться,СинТагРус2024
беззаветно,драться,Бирюк_и_др_2008
до последнего патрона,драться,Бирюк_и_др_2008
до последней капли крови,драться,Бирюк_и_др_2008
сильно,дрожать,Бирюк_и_др_2008
страшно,дрожать,Бирюк_и_др_2008
крепко,дружить,Бирюк_и_др_2008
без задних ног,дрыхнуть,Бирюк_и_др_2008
страшно,дымить,Бирюк_и_др_2008
глубоко,дышать,Бирюк_и_др_2008
до отвала,есть,Бирюк_и_др_2008
жадно,есть,СинТагРус2024
быстро,ехать,СинТагРус2024
горько,жалеть,СинТагРус2024
очень,жалеть,Бирюк_и_др_2008
всей душой,желать,Бирюк_и_др_2008
всем сердцем,желать,Бирюк_и_др_2008
горячо,желать,Бирюк_и_др_2008
от (всей) души,желать,Бирюк_и_др_2008
от всего сердца,желать,Бирюк_и_др_2008
страстно,желать,"Бирюк_и_др_2008, СинТагРус2024"
отчаянно,жестикулировать,СинТагРус2024
активно,жить,СинТагРус2024
долго,жить,СинТагРус2024
наглухо,забить,Бирюк_и_др_2008
глубоко,заблуждаться,Бирюк_и_др_2008
серьезно,заболевать,СинТагРус2024
тяжело,заболевать,СинТагРус2024
серьезно,заболеть,Бирюк_и_др_2008
сильно,заболеть,СинТагРус2024
неустанно,заботиться,Бирюк_и_др_2008
неусыпно,заботиться,Бирюк_и_др_2008
постоянно,заботиться,СинТагРус2024
начисто,забывать,СинТагРус2024
совершенно,забывать,СинТагРус2024
совсем,забывать,СинТагРус2024
до неприличия,забываться,Бирюк_и_др_2008
безнадежно,забыть,Бирюк_и_др_2008
напрочь,забыть,Бирюк_и_др_2008
начисто,забыть,Бирюк_и_др_2008
полностью,забыть,Бирюк_и_др_2008
совершенно,забыть,Бирюк_и_др_2008
совсем,забыть,Бирюк_и_др_2008
дико,завидовать,Бирюк_и_др_2008
здорово,завидовать,Бирюк_и_др_2008
люто,завидовать,Бирюк_и_др_2008
мучительно,завидовать,Бирюк_и_др_2008
откровенно,завидовать,Бирюк_и_др_2008
очень,завидовать,Бирюк_и_др_2008
сильно,завидовать,Бирюк_и_др_2008
страшно,завидовать,Бирюк_и_др_2008
всецело,зависеть,Бирюк_и_др_2008
полностью,зависеть,"Бирюк_и_др_2008, СинТагРус2024"
сильно,зависеть,Бирюк_и_др_2008
непомерно,завысить,Бирюк_и_др_2008
сильно,завысить,Бирюк_и_др_2008
сильно,загореть,Бирюк_и_др_2008
глубоко,задевать,Бирюк_и_др_2008
до глубины души,задевать,Бирюк_и_др_2008
глубоко,задумываться,Бирюк_и_др_2008
крепко,задумываться,Бирюк_и_др_2008
живо,заинтересовать,Бирюк_и_др_2008
максимально,заинтересовать,Бирюк_и_др_2008
сильно,заинтересовывать,СинТагРус2024
глубоко,законспирировать,Бирюк_и_др_2008
полностью,закончить,Бирюк_и_др_2008
совершенно,закончить,Бирюк_и_др_2008
совсем,закончить,Бирюк_и_др_2008
намертво,закрепить,Бирюк_и_др_2008
дико,закричать,Бирюк_и_др_2008
абсолютно,закрывать,Бирюк_и_др_2008
наглухо,закрыть,Бирюк_и_др_2008
сильно,замерзать,СинТагРус2024
до мозга костей,замерзнуть,Бирюк_и_др_2008
здорово,замерзнуть,Бирюк_и_др_2008
сильно,замерзнуть,Бирюк_и_др_2008
страшно,замерзнуть,Бирюк_и_др_2008
сильно,заморозить,Бирюк_и_др_2008
исключительно,занимать,Бирюк_и_др_2008
активно,заниматься,СинТагРус2024
полностью,занять,Бирюк_и_др_2008
глубоко,западать,Бирюк_и_др_2008
до отказа,заполнить,Бирюк_и_др_2008
полностью,заполнить,Бирюк_и_др_2008
крепко,запоминать,Бирюк_и_др_2008
хорошо,запомнить,Бирюк_и_др_2008
категорически,запретить,Бирюк_и_др_2008
полностью,запретить,Бирюк_и_др_2008
строго,запретить,"Бирюк_и_др_2008, СинТагРус2024"
строго-настрого,запретить,Бирюк_и_др_2008
категорически,запрещать,СинТагРус2024
строго,запрещать,СинТагРус2024
глубоко,запрятывать,Бирюк_и_др_2008
прилично,зарабатывать,"Бирюк_и_др_2008, СинТагРус2024"
хорошо,зарабатывать,СинТагРус2024
строго,засекретить,Бирюк_и_др_2008
мертвецки,заснуть,Бирюк_и_др_2008
мертвым сном,заснуть,Бирюк_и_др_2008
наглухо,застегнуть,Бирюк_и_др_2008
горячо,заступаться,Бирюк_и_др_2008
крепко,засыпать,Бирюк_и_др_2008
резко,затормаживать,СинТагРус2024
глубоко,затрагивать,Бирюк_и_др_2008
сильно,затронуть,Бирюк_и_др_2008
в значительной мере (степени),затруднить,Бирюк_и_др_2008
всячески,затруднить,Бирюк_и_др_2008
здорово,затруднить,Бирюк_и_др_2008
резко,затруднить,Бирюк_и_др_2008
сильно,затруднить,Бирюк_и_др_2008
страшно,затруднить,Бирюк_и_др_2008
глубоко,затягиваться,Бирюк_и_др_2008
до отказа,затянуть,Бирюк_и_др_2008
до предела,затянуть,Бирюк_и_др_2008
здорово,затянуть,Бирюк_и_др_2008
сильно,затянуть,Бирюк_и_др_2008
назубок,заучить,Бирюк_и_др_2008
глубоко,захватывать,Бирюк_и_др_2008
до боли,захотеть,Бирюк_и_др_2008
безумно,захотеться,Бирюк_и_др_2008
до боли,захотеться,Бирюк_и_др_2008
дико,захохотать,Бирюк_и_др_2008
больно,зашибаться,СинТагРус2024
горячо,защищать,Бирюк_и_др_2008
до последнего дыхания,защищать,Бирюк_и_др_2008
до последней капли крови,защищать,Бирюк_и_др_2008
надежно,защищать,СинТагРус2024
упорно,защищать,СинТагРус2024
до последнего патрона,защищаться,Бирюк_и_др_2008
до последней капли крови,защищаться,Бирюк_и_др_2008
безапелляционно,заявить,Бирюк_и_др_2008
категорически,заявить,Бирюк_и_др_2008
вплотную,знакомиться,СинТагРус2024
близко,знать,СинТагРус2024
в совершенстве,знать,Бирюк_и_др_2008
всесторонне,знать,Бирюк_и_др_2008
глубоко,знать,"Бирюк_и_др_2008, СинТагРус2024"
досконально,знать,Бирюк_и_др_2008
наверняка,знать,СинТагРус2024
назубок,знать,Бирюк_и_др_2008
отлично,знать,"Бирюк_и_др_2008, СинТагРус2024"
прекрасно,знать,"Бирюк_и_др_2008, СинТагРус2024"
твердо,знать,СинТагРус2024
точно,знать,СинТагРус2024
хороший,знать,СинТагРус2024
хорошо,знать,"Бирюк_и_др_2008, СинТагРус2024"
абсолютно,игнорировать,Бирюк_и_др_2008
начисто,игнорировать,Бирюк_и_др_2008
полностью,игнорировать,"Бирюк_и_др_2008, СинТагРус2024"
совершенно,игнорировать,Бирюк_и_др_2008
быстро,идти,СинТагРус2024
резко,идти,СинТагРус2024
полностью,избавить,Бирюк_и_др_2008
совершенно,избавить,Бирюк_и_др_2008
начисто,избавиться,Бирюк_и_др_2008
полностью,избавиться,Бирюк_и_др_2008
совершенно,избавиться,Бирюк_и_др_2008
всячески,избегать,Бирюк_и_др_2008
открыто,избегать,Бирюк_и_др_2008
жестоко,избивать,Бирюк_и_др_2008
в кровь,избить,Бирюк_и_др_2008
до бесчувствия,избить,Бирюк_и_др_2008
до полусмерти,избить,Бирюк_и_др_2008
до потери сознания,избить,Бирюк_и_др_2008
зверски,избить,Бирюк_и_др_2008
здорово,избить,Бирюк_и_др_2008
очень,извиняться,Бирюк_и_др_2008
совершенно,извращать,СинТагРус2024
полностью,изгнать,Бирюк_и_др_2008
всячески,издеваться,Бирюк_и_др_2008
нагло,издеваться,Бирюк_и_др_2008
немилосердно,издеваться,Бирюк_и_др_2008
в корне,изменить,Бирюк_и_др_2008
до неузнаваемости,изменить,Бирюк_и_др_2008
кардинально,изменить,Бирюк_и_др_2008
коренным образом,изменить,Бирюк_и_др_2008
неузнаваемо,изменить,Бирюк_и_др_2008
полностью,изменить,Бирюк_и_др_2008
принципиально,изменить,Бирюк_и_др_2008
радикально,изменить,Бирюк_и_др_2008
резко,изменить,"Бирюк_и_др_2008, СинТагРус2024"
сильно,изменить,Бирюк_и_др_2008
совершенно,изменить,Бирюк_и_др_2008
совсем,изменить,Бирюк_и_др_2008
существенно,изменить,Бирюк_и_др_2008
в корне,измениться,Бирюк_и_др_2008
до неузнаваемости,измениться,Бирюк_и_др_2008
здорово,измениться,Бирюк_и_др_2008
кардинально,измениться,"Бирюк_и_др_2008, СинТагРус2024"
круто,измениться,Бирюк_и_др_2008
неузнаваемо,измениться,Бирюк_и_др_2008
полностью,измениться,Бирюк_и_др_2008
принципиально,измениться,Бирюк_и_др_2008
радикально,измениться,Бирюк_и_др_2008
резко,измениться,Бирюк_и_др_2008
сильно,измениться,Бирюк_и_др_2008
совершенно,измениться,Бирюк_и_др_2008
совсем,измениться,Бирюк_и_др_2008
существенно,измениться,Бирюк_и_др_2008
кардинально,изменять,СинТагРус2024
радикально,изменять,СинТагРус2024
резко,изменять,СинТагРус2024
существенно,изменять,СинТагРус2024
очень,изменяться,"Бирюк_и_др_2008, СинТагРус2024"
радикально,изменяться,СинТагРус2024
резко,изменяться,СинТагРус2024
сильно,изменяться,СинТагРус2024
совершенно,измучить,Бирюк_и_др_2008
совершенно,измучиться,Бирюк_и_др_2008
полностью,изолировать,"Бирюк_и_др_2008, СинТагРус2024"
совершенно,изолировать,Бирюк_и_др_2008
строго,изолировать,Бирюк_и_др_2008
крайне,изумить,Бирюк_и_др_2008
крайне,изумиться,Бирюк_и_др_2008
до неузнаваемости,изуродовать,Бирюк_и_др_2008
глубоко,изучать,Бирюк_и_др_2008
досконально,изучать,Бирюк_и_др_2008
в совершенстве,изучить,Бирюк_и_др_2008
всесторонне,изучить,Бирюк_и_др_2008
досконально,изучить,Бирюк_и_др_2008
здорово,изучить,Бирюк_и_др_2008
основательно,изучить,Бирюк_и_др_2008
серьезно,изучить,Бирюк_и_др_2008
глубоко,интересовать,Бирюк_и_др_2008
крайне,интересовать,Бирюк_и_др_2008
особо,интересовать,СинТагРус2024
очень,интересовать,Бирюк_и_др_2008
серьезно,интересовать,Бирюк_и_др_2008
страшно,интересовать,Бирюк_и_др_2008
горячо,интересоваться,Бирюк_и_др_2008
живо,интересоваться,"Бирюк_и_др_2008, СинТагРус2024"
особо,интересоваться,СинТагРус2024
очень,интересоваться,Бирюк_и_др_2008
серьезно,интересоваться,Бирюк_и_др_2008
страшно,интересоваться,Бирюк_и_др_2008
до неузнаваемости,исказить,Бирюк_и_др_2008
неузнаваемо,исказить,Бирюк_и_др_2008
сильно,исказить,Бирюк_и_др_2008
до неузнаваемости,исказиться,Бирюк_и_др_2008
неузнаваемо,исказиться,Бирюк_и_др_2008
сильно,исказиться,Бирюк_и_др_2008
активно,искать,Бирюк_и_др_2008
неустанно,искать,Бирюк_и_др_2008
полностью,исключать,СинТагРус2024
совершенно,исключать,СинТагРус2024
полностью,исключить,"Бирюк_и_др_2008, СинТагРус2024"
полностью,искоренять,СинТагРус2024
безоговорочно,исполнить,Бирюк_и_др_2008
активно,использовать,Бирюк_и_др_2008
всемерно,использовать,Бирюк_и_др_2008
всесторонне,использовать,Бирюк_и_др_2008
максимально,использовать,Бирюк_и_др_2008
полностью,использовать,Бирюк_и_др_2008
широко,использовать,"Бирюк_и_др_2008, СинТагРус2024"
эффективно,использовать,СинТагРус2024
безнадежно,испортить,Бирюк_и_др_2008
вконец,испортить,Бирюк_и_др_2008
непоправимо,испортить,Бирюк_и_др_2008
основательно,испортить,Бирюк_и_др_2008
совершенно,испортить,"Бирюк_и_др_2008, СинТагРус2024"
совершенно,испортить,Бирюк_и_др_2008
совсем,испортить,Бирюк_и_др_2008
до потери сознания,испугать,Бирюк_и_др_2008
до смерти,испугать,Бирюк_и_др_2008
здорово,испугать,Бирюк_и_др_2008
сильно,испугать,Бирюк_и_др_2008
до смерти,испугаться,Бирюк_и_др_2008
здорово,испугаться,Бирюк_и_др_2008
очень,испугаться,СинТагРус2024
сильно,испугаться,Бирюк_и_др_2008
смертельно,испугаться,"Бирюк_и_др_2008, СинТагРус2024"
страшно,испугаться,Бирюк_и_др_2008
всесторонне,испытать,Бирюк_и_др_2008
серьезно,испытать,Бирюк_и_др_2008
всесторонне,исследовать,Бирюк_и_др_2008
глубоко,исследовать,Бирюк_и_др_2008
досконально,исследовать,Бирюк_и_др_2008
полностью,исследовать,Бирюк_и_др_2008
серьезно,исследовать,Бирюк_и_др_2008
тщательно,исследовать,СинТагРус2024
безжалостно,истребить,Бирюк_и_др_2008
полностью,истребить,Бирюк_и_др_2008
бесследно,исчезать,СинТагРус2024
безвозвратно,исчезнуть,Бирюк_и_др_2008
бесследно,исчезнуть,Бирюк_и_др_2008
полностью,исчезнуть,Бирюк_и_др_2008
совершенно,исчезнуть,"Бирюк_и_др_2008, СинТагРус2024"
совершенно,исчезнуть,Бирюк_и_др_2008
совсем,исчезнуть,Бирюк_и_др_2008
жестоко,казнить,Бирюк_и_др_2008
жестоко,карать,Бирюк_и_др_2008
надрывно,кашлять,Бирюк_и_др_2008
страшно,кашлять,Бирюк_и_др_2008
сильно,кипеть,Бирюк_и_др_2008
кишмя,кишеть,СинТагРус2024
беспардонно,клеветать,Бирюк_и_др_2008
бессовестно,клеветать,Бирюк_и_др_2008
бешено,колотить,Бирюк_и_др_2008
широко,комментировать,Бирюк_и_др_2008
абсолютно,компенсировать,СинТагРус2024
разительно,контрастировать,Бирюк_и_др_2008
резко,контрастировать,Бирюк_и_др_2008
всесторонне,контролировать,Бирюк_и_др_2008
до отвала,кормить,Бирюк_и_др_2008
досыта,кормить,Бирюк_и_др_2008
хорошо,кормить,Бирюк_и_др_2008
высоко,котироваться,Бирюк_и_др_2008
бешено,крикнуть,Бирюк_и_др_2008
беспощадно,критиковать,Бирюк_и_др_2008
жестко,критиковать,Бирюк_и_др_2008
остро,критиковать,Бирюк_и_др_2008
резко,критиковать,СинТагРус2024
серьезно,критиковать,Бирюк_и_др_2008
бешено,кричать,Бирюк_и_др_2008
благим матом,кричать,Бирюк_и_др_2008
во весь голос,кричать,Бирюк_и_др_2008
во все горло,кричать,Бирюк_и_др_2008
во всю Ивановскую,кричать,Бирюк_и_др_2008
во всю мочь,кричать,Бирюк_и_др_2008
громко,кричать,СинТагРус2024
дико,кричать,Бирюк_и_др_2008
исступленно,кричать,Бирюк_и_др_2008
истошно,кричать,Бирюк_и_др_2008
отчаянно,кричать,Бирюк_и_др_2008
пронзительно,кричать,Бирюк_и_др_2008
страшно,кричать,Бирюк_и_др_2008
бешено,крутить,Бирюк_и_др_2008
запоем,курить,Бирюк_и_др_2008
безбожно,лгать,Бирюк_и_др_2008
беззастенчиво,лгать,Бирюк_и_др_2008
беспардонно,лгать,Бирюк_и_др_2008
бессовестно,лгать,Бирюк_и_др_2008
бесстыдно,лгать,Бирюк_и_др_2008
нагло,лгать,Бирюк_и_др_2008
быстро,летать,СинТагРус2024
быстро,лететь,СинТагРус2024
полностью,ликвидировать,Бирюк_и_др_2008
сильно,лихорадить,Бирюк_и_др_2008
полностью,лишить,Бирюк_и_др_2008
безбожно,льстить,Бирюк_и_др_2008
бесстыдно,льстить,Бирюк_и_др_2008
без памяти,любить,Бирюк_и_др_2008
безгранично,любить,Бирюк_и_др_2008
беззаветно,любить,Бирюк_и_др_2008
безмерно,любить,Бирюк_и_др_2008
безумно,любить,Бирюк_и_др_2008
бесконечно,любить,Бирюк_и_др_2008
беспредельно,любить,Бирюк_и_др_2008
всей душой,любить,Бирюк_и_др_2008
всем сердцем,любить,Бирюк_и_др_2008
глубоко,любить,Бирюк_и_др_2008
горячо,любить,Бирюк_и_др_2008
до безумия,любить,Бирюк_и_др_2008
до боли,любить,Бирюк_и_др_2008
до самозабвения,любить,Бирюк_и_др_2008
крепко,любить,Бирюк_и_др_2008
очень,любить,Бирюк_и_др_2008
пламенно,любить,Бирюк_и_др_2008
по-настоящему,любить,Бирюк_и_др_2008
свято,любить,Бирюк_и_др_2008
сильно,любить,Бирюк_и_др_2008
слепо,любить,Бирюк_и_др_2008
страстно,любить,Бирюк_и_др_2008
фанатично,любить,Бирюк_и_др_2008
отчаянно,материться,Бирюк_и_др_2008
радикально,меняться,Бирюк_и_др_2008
резко,меняться,СинТагРус2024
страстно,мечтать,Бирюк_и_др_2008
активно,мешать,Бирюк_и_др_2008
всеми силами,мешать,Бирюк_и_др_2008
всячески,мешать,Бирюк_и_др_2008
здорово,мешать,Бирюк_и_др_2008
серьезно,мешать,Бирюк_и_др_2008
страшно,мешать,Бирюк_и_др_2008
горячо,молиться,СинТагРус2024
беспощадно,мстить,Бирюк_и_др_2008
жестоко,мстить,Бирюк_и_др_2008
страшно,мстить,Бирюк_и_др_2008
жестоко,мучить,Бирюк_и_др_2008
зверски,мучить,Бирюк_и_др_2008
немыслимо,мучиться,Бирюк_и_др_2008
бешено,мчать,Бирюк_и_др_2008
во весь дух,мчаться,Бирюк_и_др_2008
во весь опор,мчаться,Бирюк_и_др_2008
во все лопатки,мчаться,Бирюк_и_др_2008
во всю мочь,мчаться,Бирюк_и_др_2008
что есть силы,мчаться,Бирюк_и_др_2008
безумно,мыслить,Бирюк_и_др_2008
глубоко,мыслить,Бирюк_и_др_2008
до изнеможения,набегаться,Бирюк_и_др_2008
до отказа,набить,Бирюк_и_др_2008
щедро,наградить,Бирюк_и_др_2008
щедро,награждать,СинТагРус2024
щедро,наделять,СинТагРус2024
горячо,надеяться,Бирюк_и_др_2008
крепко,надеяться,Бирюк_и_др_2008
очень,надеяться,СинТагРус2024
твердо,надеяться,Бирюк_и_др_2008
очень,надоедать,Бирюк_и_др_2008
адски,надоесть,Бирюк_и_др_2008
безмерно,надоесть,Бирюк_и_др_2008
до безумия,надоесть,Бирюк_и_др_2008
до боли,надоесть,Бирюк_и_др_2008
до крайности,надоесть,Бирюк_и_др_2008
до оскомины,надоесть,Бирюк_и_др_2008
до смерти,надоесть,Бирюк_и_др_2008
до тошноты,надоесть,Бирюк_и_др_2008
до чертиков,надоесть,Бирюк_и_др_2008
здорово,надоесть,Бирюк_и_др_2008
изрядно,надоесть,Бирюк_и_др_2008
порядком,надоесть,Бирюк_и_др_2008
порядочно,надоесть,Бирюк_и_др_2008
сильно,надоесть,Бирюк_и_др_2008
смертельно,надоесть,Бирюк_и_др_2008
страшно,надоесть,Бирюк_и_др_2008
до отвала,наедаться,Бирюк_и_др_2008
до оскомины,наесться,Бирюк_и_др_2008
досыта,наесться,Бирюк_и_др_2008
крепко,нажимать,Бирюк_и_др_2008
хорошенько,наказать,Бирюк_и_др_2008
жестоко,наказывать,Бирюк_и_др_2008
плотно,накормить,Бирюк_и_др_2008
до чертиков,нализаться,Бирюк_и_др_2008
прозрачно,намекать,СинТагРус2024
досыта,наораться,Бирюк_и_др_2008
до беспамятства,напиться,Бирюк_и_др_2008
до положения риз,напиться,Бирюк_и_др_2008
досыта,напиться,Бирюк_и_др_2008
до отказа,напихать,Бирюк_и_др_2008
глубоко,наплевать,Бирюк_и_др_2008
до положения риз,напоить,Бирюк_и_др_2008
до боли,напоминать,Бирюк_и_др_2008
до неприличия,напоминать,Бирюк_и_др_2008
сильно,напоминать,"Бирюк_и_др_2008, СинТагРус2024"
страшно,напоминать,Бирюк_и_др_2008
здорово,напомнить,Бирюк_и_др_2008
здорово,напугать,Бирюк_и_др_2008
очень,напугать,Бирюк_и_др_2008
страшно,напугать,Бирюк_и_др_2008
до изнеможения,наработаться,Бирюк_и_др_2008
стремительно,нарастать,СинТагРус2024
резко,нарастить,Бирюк_и_др_2008
неуклонно,наращивать,Бирюк_и_др_2008
грубо,нарушать,СинТагРус2024
злостно,нарушать,Бирюк_и_др_2008
грубо,нарушить,Бирюк_и_др_2008
злостно,нарушить,Бирюк_и_др_2008
серьезно,нарушить,Бирюк_и_др_2008
активно,насаждать,Бирюк_и_др_2008
до чертиков,наскучить,Бирюк_и_др_2008
смертельно,наскучить,Бирюк_и_др_2008
категорически,настоять,Бирюк_и_др_2008
жарко,натапливать,СинТагРус2024
до обидного,не везет,Бирюк_и_др_2008
сильно,невзлюбить,Бирюк_и_др_2008
откровенно,негодовать,Бирюк_и_др_2008
бешено,ненавидеть,Бирюк_и_др_2008
всей душой,ненавидеть,Бирюк_и_др_2008
всеми фибрами души,ненавидеть,Бирюк_и_др_2008
глубоко,ненавидеть,Бирюк_и_др_2008
до безумия,ненавидеть,Бирюк_и_др_2008
до боли,ненавидеть,Бирюк_и_др_2008
искренне,ненавидеть,СинТагРус2024
люто,ненавидеть,Бирюк_и_др_2008
очень,ненавидеть,Бирюк_и_др_2008
патологически,ненавидеть,Бирюк_и_др_2008
сильно,ненавидеть,Бирюк_и_др_2008
смертельно,ненавидеть,Бирюк_и_др_2008
страстно,ненавидеть,Бирюк_и_др_2008
страшно,ненавидеть,Бирюк_и_др_2008
фанатично,ненавидеть,Бирюк_и_др_2008
бешено,нестись,Бирюк_и_др_2008
во весь дух,нестись,Бирюк_и_др_2008
во весь опор,нестись,Бирюк_и_др_2008
во все лопатки,нестись,Бирюк_и_др_2008
во всю мочь,нестись,Бирюк_и_др_2008
что есть силы,нестись,Бирюк_и_др_2008
безумно,нравиться,Бирюк_и_др_2008
дико,нравиться,Бирюк_и_др_2008
жутко,нравиться,Бирюк_и_др_2008
очень,нравиться,СинТагРус2024
страшно,нравиться,Бирюк_и_др_2008
остро,нуждаться,"Бирюк_и_др_2008, СинТагРус2024"
страшно,нуждаться,Бирюк_и_др_2008
серьезно,обвинить,Бирюк_и_др_2008
до нитки,обворовать,Бирюк_и_др_2008
до нитки,обдирать,Бирюк_и_др_2008
всесторонне,обдумать,Бирюк_и_др_2008
серьезно,обдумать,Бирюк_и_др_2008
хорошенько,обдумать,Бирюк_и_др_2008
надежно,обеспечить,Бирюк_и_др_2008
полностью,обеспечить,Бирюк_и_др_2008
клятвенно,обещать,Бирюк_и_др_2008
твердо,обещать,Бирюк_и_др_2008
глубоко,обидеть,Бирюк_и_др_2008
горько,обидеть,Бирюк_и_др_2008
до глубины души,обидеть,Бирюк_и_др_2008
здорово,обидеть,Бирюк_и_др_2008
кровно,обидеть,Бирюк_и_др_2008
очень,обидеть,Бирюк_и_др_2008
серьезно,обидеть,Бирюк_и_др_2008
сильно,обидеть,Бирюк_и_др_2008
смертельно,обидеть,Бирюк_и_др_2008
страшно,обидеть,Бирюк_и_др_2008
тяжело,обидеть,Бирюк_и_др_2008
очень,обидеться,Бирюк_и_др_2008
страшно,обидеться,Бирюк_и_др_2008
глубоко,обижать,Бирюк_и_др_2008
горько,обижаться,СинТагРус2024
до нитки,обирать,Бирюк_и_др_2008
в значительной мере (степени),облегчить,Бирюк_и_др_2008
максимально,облегчить,Бирюк_и_др_2008
сильно,облегчить,Бирюк_и_др_2008
беспощадно,обличать,Бирюк_и_др_2008
бессовестно,обмануть,Бирюк_и_др_2008
нагло,обмануть,Бирюк_и_др_2008
безбожно,обманывать,Бирюк_и_др_2008
беззастенчиво,обманывать,Бирюк_и_др_2008
активно,обмениваться,Бирюк_и_др_2008
совсем,обнаглеть,Бирюк_и_др_2008
крепко,обнимать,"Бирюк_и_др_2008, СинТагРус2024"
крепко,обниматься,Бирюк_и_др_2008
до нитки,обобрать,Бирюк_и_др_2008
до нитки,обокрасть,Бирюк_и_др_2008
отчаянно,оборонять,Бирюк_и_др_2008
активно,обороняться,Бирюк_и_др_2008
отчаянно,обороняться,Бирюк_и_др_2008
глубоко,обосновать,Бирюк_и_др_2008
до крайности,обострить,Бирюк_и_др_2008
резко,обострить,Бирюк_и_др_2008
страшно,обрадовать,Бирюк_и_др_2008
страшно,обрадоваться,Бирюк_и_др_2008
резко,обрываться,СинТагРус2024
тщательно,обследовать,СинТагРус2024
всесторонне,обсудить,Бирюк_и_др_2008
глубоко,обсудить,Бирюк_и_др_2008
горячо,обсудить,Бирюк_и_др_2008
широко,обсудить,Бирюк_и_др_2008
активно,обсуждать,Бирюк_и_др_2008
бурно,обсуждать,Бирюк_и_др_2008
жарко,обсуждать,Бирюк_и_др_2008
широко,обсуждаться,Бирюк_и_др_2008
крепко,обхватывать,Бирюк_и_др_2008
до нитки,обчистить,Бирюк_и_др_2008
активно,общаться,СинТагРус2024
близко,общаться,СинТагРус2024
плотно,общаться,СинТагРус2024
тесно,общаться,СинТагРус2024
неразрывно,объединить,Бирюк_и_др_2008
доходчиво,объяснять,СинТагРус2024
до нитки,обыскать,Бирюк_и_др_2008
полностью,овладеть,Бирюк_и_др_2008
глубоко,огорчать,Бирюк_и_др_2008
сильно,огорчить,Бирюк_и_др_2008
страшно,огорчить,Бирюк_и_др_2008
глубоко,огорчиться,Бирюк_и_др_2008
сильно,огорчиться,Бирюк_и_др_2008
страшно,огорчиться,Бирюк_и_др_2008
до нитки,ограбить,Бирюк_и_др_2008
в значительной мере (степени),ограничить,Бирюк_и_др_2008
всемерно,ограничить,Бирюк_и_др_2008
всячески,ограничить,Бирюк_и_др_2008
жестко,ограничить,Бирюк_и_др_2008
резко,ограничить,Бирюк_и_др_2008
существенно,ограничить,Бирюк_и_др_2008
щедро,одаривать,СинТагРус2024
щедро,одарить,Бирюк_и_др_2008
всецело,одобрить,Бирюк_и_др_2008
горячо,одобрить,Бирюк_и_др_2008
полностью,одобрить,Бирюк_и_др_2008
горячо,одобрять,СинТагРус2024
полностью,одобрять,СинТагРус2024
совсем,одуреть,Бирюк_и_др_2008
всерьез,озабочиваться,СинТагРус2024
немало,озадачивать,СинТагРус2024
совсем,озвереть,Бирюк_и_др_2008
широко,ознакомиться,Бирюк_и_др_2008
серьезно,омрачить,Бирюк_и_др_2008
здорово,опаздывать,Бирюк_и_др_2008
сильно,опасаться,СинТагРус2024
сильно,опередить,Бирюк_и_др_2008
далеко,опережать,СинТагРус2024
совсем,опечалиться,Бирюк_и_др_2008
всесторонне,описать,Бирюк_и_др_2008
подробно,описать,
подробно,описывать,СинТагРус2024
высоко,оплачивать,Бирюк_и_др_2008
широко,оповестить,Бирюк_и_др_2008
сильно,опоздать,Бирюк_и_др_2008
страшно,опоздать,Бирюк_и_др_2008
совсем,опозориться,Бирюк_и_др_2008
полностью,оправдывать,СинТагРус2024
всецело,определить,Бирюк_и_др_2008
полностью,определить,Бирюк_и_др_2008
строго,определять,СинТагРус2024
точно,определять,СинТагРус2024
категорически,опровергнуть,Бирюк_и_др_2008
до безумия,опротиветь,Бирюк_и_др_2008
до крайности,опротиветь,Бирюк_и_др_2008
благим матом,орать,Бирюк_и_др_2008
во все горло,орать,Бирюк_и_др_2008
во всю Ивановскую,орать,Бирюк_и_др_2008
во всю мочь,орать,Бирюк_и_др_2008
до хрипоты,орать,Бирюк_и_др_2008
всесторонне,осветить,Бирюк_и_др_2008
исчерпывающе,осветить,Бирюк_и_др_2008
широко,осветить,Бирюк_и_др_2008
до глубины души,оскорбить,Бирюк_и_др_2008
кровно,оскорбить,Бирюк_и_др_2008
очень,оскорбить,Бирюк_и_др_2008
сильно,оскорбить,Бирюк_и_др_2008
смертельно,оскорбить,Бирюк_и_др_2008
страшно,оскорбить,Бирюк_и_др_2008
тяжело,оскорбить,Бирюк_и_др_2008
тяжко,оскорбить,Бирюк_и_др_2008
всячески,оскорблять,Бирюк_и_др_2008
глубоко,оскорблять,Бирюк_и_др_2008
жестоко,оскорблять,Бирюк_и_др_2008
здорово,ослабить,Бирюк_и_др_2008
резко,ослабить,Бирюк_и_др_2008
сильно,ослабить,Бирюк_и_др_2008
страшно,ослабить,Бирюк_и_др_2008
существенно,ослабить,Бирюк_и_др_2008
совсем,ослепнуть,Бирюк_и_др_2008
в значительной мере (степени),осложнить,Бирюк_и_др_2008
серьезно,осложнить,Бирюк_и_др_2008
серьезно,осложниться,Бирюк_и_др_2008
глубоко,осмыслить,Бирюк_и_др_2008
глубоко,осознавать,Бирюк_и_др_2008
глубоко,осознать,Бирюк_и_др_2008
полностью,осознать,Бирюк_и_др_2008
хорошо,осознать,Бирюк_и_др_2008
до оскомины,осточертеть,Бирюк_и_др_2008
решительно,осуждать,СинТагРус2024
категорически,отвергать,СинТагРус2024
безоговорочно,отвергнуть,Бирюк_и_др_2008
категорически,отвергнуть,"Бирюк_и_др_2008, СинТагРус2024"
наотрез,отвергнуть,Бирюк_и_др_2008
напрочь,отвергнуть,Бирюк_и_др_2008
безапелляционно,ответить,Бирюк_и_др_2008
исчерпывающе,ответить,Бирюк_и_др_2008
всецело,отвечать,Бирюк_и_др_2008
подробно,отвечать,СинТагРус2024
полностью,отвечать,Бирюк_и_др_2008
отлично,отдохнуть,Бирюк_и_др_2008
категорически,отказать,Бирюк_и_др_2008
наотрез,отказать,"Бирюк_и_др_2008, СинТагРус2024"
начисто,отказать,Бирюк_и_др_2008
категорически,отказаться,Бирюк_и_др_2008
наотрез,отказаться,"Бирюк_и_др_2008, СинТагРус2024"
начисто,отказаться,Бирюк_и_др_2008
твердо,отказаться,Бирюк_и_др_2008
категорически,отказываться,СинТагРус2024
наотрез,отказываться,СинТагРус2024
напрочь,отказываться,СинТагРус2024
окончательно,отказываться,СинТагРус2024
решительно,отказываться,СинТагРус2024
горячо,откликнуться,Бирюк_и_др_2008
безапелляционно,отклонить,Бирюк_и_др_2008
категорически,отклонить,Бирюк_и_др_2008
в корне,отличаться,Бирюк_и_др_2008
здорово,отличаться,Бирюк_и_др_2008
кардинально,отличаться,СинТагРус2024
коренным образом,отличаться,Бирюк_и_др_2008
принципиально,отличаться,"Бирюк_и_др_2008, СинТагРус2024"
разительно,отличаться,"Бирюк_и_др_2008, СинТагРус2024"
резко,отличаться,"Бирюк_и_др_2008, СинТагРус2024"
сильно,отличаться,"Бирюк_и_др_2008, СинТагРус2024"
существенно,отличаться,Бирюк_и_др_2008
здорово,отлупить,Бирюк_и_др_2008
полностью,отмежеваться,Бирюк_и_др_2008
широко,отметить,Бирюк_и_др_2008
жестоко,отомщать,Бирюк_и_др_2008
полностью,отплатить,Бирюк_и_др_2008
абсолютно,отрицать,Бирюк_и_др_2008
категорически,отрицать,Бирюк_и_др_2008
наотрез,отрицать,Бирюк_и_др_2008
напрочь,отрицать,СинТагРус2024
начисто,отрицать,Бирюк_и_др_2008
полностью,отрицать,"Бирюк_и_др_2008, СинТагРус2024"
решительно,отрицать,СинТагРус2024
серьезно,отрицать,Бирюк_и_др_2008
напрочь,отрубить,Бирюк_и_др_2008
безнадежно,отставать,СинТагРус2024
активно,отстаивать,Бирюк_и_др_2008
горячо,отстаивать,Бирюк_и_др_2008
безнадежно,отстать,Бирюк_и_др_2008
сильно,отстать,Бирюк_и_др_2008
полностью,отсутствовать,СинТагРус2024
совсем,отчаиваться,СинТагРус2024
хорошенько,отшлепать,Бирюк_и_др_2008
исчерпывающе,охарактеризовать,Бирюк_и_др_2008
всецело,охватывать,СинТагРус2024
глубоко,охватывать,Бирюк_и_др_2008
здорово,охладить,Бирюк_и_др_2008
сильно,охладиться,Бирюк_и_др_2008
бдительно,охранять,Бирюк_и_др_2008
хорошо,охранять,Бирюк_и_др_2008
по-настоящему,оценить,Бирюк_и_др_2008
четко,очерчивать,СинТагРус2024
глубоко,ошибаться,Бирюк_и_др_2008
жестоко,ошибаться,Бирюк_и_др_2008
здорово,ошибиться,Бирюк_и_др_2008
серьезно,ошибиться,Бирюк_и_др_2008
сильно,ошибиться,Бирюк_и_др_2008
остро,ощущать,"Бирюк_и_др_2008, СинТагРус2024"
катастрофически,падать,СинТагРус2024
резко,падать,СинТагРус2024
сильно,падать,СинТагРус2024
крепко,пахнуть,Бирюк_и_др_2008
до неузнаваемости,перевоплотиться,Бирюк_и_др_2008
в корне,переделать,Бирюк_и_др_2008
кардинально,переделать,Бирюк_и_др_2008
полностью,переделать,Бирюк_и_др_2008
совершенно,переделать,Бирюк_и_др_2008
глубоко,переживать,Бирюк_и_др_2008
остро,переживать,"Бирюк_и_др_2008, СинТагРус2024"
тяжело,переживать,Бирюк_и_др_2008
резко,переменяться,СинТагРус2024
быстро,перемещаться,СинТагРус2024
глубоко,переосмыслить,Бирюк_и_др_2008
активно,переписываться,СинТагРус2024
полностью,перепутать,Бирюк_и_др_2008
совсем,перепутать,"Бирюк_и_др_2008, СинТагРус2024"
совсем,перепутать,Бирюк_и_др_2008
кардинально,переработать,Бирюк_и_др_2008
кардинально,пересматривать,СинТагРус2024
в корне,пересмотреть,Бирюк_и_др_2008
полностью,перестраиваться,СинТагРус2024
в корне,перестроить,Бирюк_и_др_2008
глубоко,перестроить,Бирюк_и_др_2008
полностью,перестроить,Бирюк_и_др_2008
радикально,перестроить,Бирюк_и_др_2008
глубоко,печалить,Бирюк_и_др_2008
подробно,писать,СинТагРус2024
без удержу,пить,Бирюк_и_др_2008
до бесчувствия,пить,Бирюк_и_др_2008
до положения риз,пить,Бирюк_и_др_2008
запоем,пить,Бирюк_и_др_2008
здорово,пить,Бирюк_и_др_2008
сильно,пить,Бирюк_и_др_2008
безудержно,плакать,Бирюк_и_др_2008
безутешно,плакать,Бирюк_и_др_2008
горько,плакать,"Бирюк_и_др_2008, СинТагРус2024"
горючими слезами,плакать,Бирюк_и_др_2008
навзрыд,плакать,"Бирюк_и_др_2008, СинТагРус2024"
надрывно,плакать,Бирюк_и_др_2008
неутешно,плакать,Бирюк_и_др_2008
глубоко,плевать,Бирюк_и_др_2008
до упаду,плясать,Бирюк_и_др_2008
полностью,победить,Бирюк_и_др_2008
убедительно,побеждать,СинТагРус2024
сильно,побледнеть,Бирюк_и_др_2008
смертельно,побледнеть,Бирюк_и_др_2008
страшно,побледнеть,Бирюк_и_др_2008
крупно,повезти,Бирюк_и_др_2008
всерьез,поверить,СинТагРус2024
здорово,повздорить,Бирюк_и_др_2008
безоговорочно,повиноваться,Бирюк_и_др_2008
безропотно,повиноваться,Бирюк_и_др_2008
беспрекословно,повиноваться,Бирюк_и_др_2008
слепо,повиноваться,Бирюк_и_др_2008
сильно,повлиять,Бирюк_и_др_2008
здорово,повредить,Бирюк_и_др_2008
серьезно,повредить,Бирюк_и_др_2008
страшно,повредить,Бирюк_и_др_2008
сильно,повреждать,СинТагРус2024
всемерно,повысить,Бирюк_и_др_2008
непомерно,повысить,Бирюк_и_др_2008
резко,повысить,Бирюк_и_др_2008
серьезно,повысить,Бирюк_и_др_2008
существенно,повысить,Бирюк_и_др_2008
резко,повышать,СинТагРус2024
резко,повышаться,СинТагРус2024
полностью,погладить,Бирюк_и_др_2008
всецело,поглотить,Бирюк_и_др_2008
совершенно,поглотить,Бирюк_и_др_2008
глубоко,погружаться,Бирюк_и_др_2008
здорово,погулять,Бирюк_и_др_2008
беспощадно,подавить,Бирюк_и_др_2008
жестоко,подавить,Бирюк_и_др_2008
жестоко,подавлять,"Бирюк_и_др_2008, СинТагРус2024"
безоговорочно,поддержать,Бирюк_и_др_2008
всецело,поддержать,Бирюк_и_др_2008
всячески,поддержать,Бирюк_и_др_2008
горячо,поддержать,Бирюк_и_др_2008
открыто,поддержать,Бирюк_и_др_2008
полностью,поддержать,Бирюк_и_др_2008
активно,поддерживать,Бирюк_и_др_2008
всемерно,поддерживать,Бирюк_и_др_2008
горячо,поддерживать,СинТагРус2024
резко,поднимать,СинТагРус2024
основательно,подорвать,Бирюк_и_др_2008
крепко,подружиться,Бирюк_и_др_2008
плотно,подсаживаться,СинТагРус2024
наглядно,подтвердить,Бирюк_и_др_2008
полностью,подтвердить,Бирюк_и_др_2008
безоговорочно,подчиниться,Бирюк_и_др_2008
безропотно,подчиниться,Бирюк_и_др_2008
беспрекословно,подчиняться,"Бирюк_и_др_2008, СинТагРус2024"
неукоснительно,подчиняться,Бирюк_и_др_2008
слепо,подчиняться,Бирюк_и_др_2008
плотно,поесть,Бирюк_и_др_2008
до боли,пожалеть,Бирюк_и_др_2008
горячо,поздравить,Бирюк_и_др_2008
от (всей) души,поздравить,Бирюк_и_др_2008
от всего сердца,поздравить,Бирюк_и_др_2008
глубоко,познать,Бирюк_и_др_2008
быстро,пойти,СинТагРус2024
резко,пойти,СинТагРус2024
наглядно,показывать,СинТагРус2024
глубоко,поклониться,Бирюк_и_др_2008
истово,поклониться,Бирюк_и_др_2008
безропотно,покориться,Бирюк_и_др_2008
густо,покраснеть,Бирюк_и_др_2008
до корней волос,покраснеть,Бирюк_и_др_2008
до ушей,покраснеть,Бирюк_и_др_2008
здорово,покраснеть,Бирюк_и_др_2008
отчаянно,покраснеть,Бирюк_и_др_2008
страшно,покраснеть,Бирюк_и_др_2008
всецело,положиться,Бирюк_и_др_2008
полностью,положиться,Бирюк_и_др_2008
совсем,поломать,Бирюк_и_др_2008
крепко,полюбить,Бирюк_и_др_2008
хорошо,помнить,Бирюк_и_др_2008
активно,помогать,Бирюк_и_др_2008
всемерно,помогать,Бирюк_и_др_2008
очень,помогать,СинТагРус2024
щедро,помогать,Бирюк_и_др_2008
всячески,помочь,Бирюк_и_др_2008
крепко,помочь,Бирюк_и_др_2008
неуклонно,понижать,Бирюк_и_др_2008
резко,понижать,СинТагРус2024
неуклонно,понижаться,Бирюк_и_др_2008
резко,понизить,Бирюк_и_др_2008
существенно,понизить,Бирюк_и_др_2008
резко,понизиться,Бирюк_и_др_2008
существенно,понизиться,Бирюк_и_др_2008
вполне,понимать,СинТагРус2024
глубоко,понимать,Бирюк_и_др_2008
отлично,понимать,СинТагРус2024
по-настоящему,понимать,Бирюк_и_др_2008
прекрасно,понимать,"Бирюк_и_др_2008, СинТагРус2024"
хорошо,понимать,
четко,понимать,СинТагРус2024
ясно,понимать,СинТагРус2024
всячески,поносить,Бирюк_и_др_2008
полностью,понять,Бирюк_и_др_2008
хорошо,понять,Бирюк_и_др_2008
железно,пообещать,Бирюк_и_др_2008
тесно,пообщаться,СинТагРус2024
всемерно,поощрять,Бирюк_и_др_2008
жестоко,поплатиться,Бирюк_и_др_2008
здорово,пополнить,Бирюк_и_др_2008
основательно,пополнить,Бирюк_и_др_2008
существенно,пополнить,Бирюк_и_др_2008
существенно,пополнять,СинТагРус2024
полностью,поправиться,Бирюк_и_др_2008
совсем,поправиться,Бирюк_и_др_2008
глубоко,поражать,"Бирюк_и_др_2008, СинТагРус2024"
совсем,порвать,Бирюк_и_др_2008
крепко,поругаться,Бирюк_и_др_2008
крупно,поругаться,Бирюк_и_др_2008
полностью,постичь,Бирюк_и_др_2008
жестоко,пострадать,Бирюк_и_др_2008
здорово,пострадать,Бирюк_и_др_2008
основательно,пострадать,Бирюк_и_др_2008
серьезно,пострадать,Бирюк_и_др_2008
существенно,пострадать,Бирюк_и_др_2008
здорово,потеть,Бирюк_и_др_2008
страшно,потеть,Бирюк_и_др_2008
основательно,потревожить,Бирюк_и_др_2008
глубоко,потрясать,Бирюк_и_др_2008
глубоко,потрясти,Бирюк_и_др_2008
до глубины души,потрясти,Бирюк_и_др_2008
до основания,потрясти,Бирюк_и_др_2008
разительно,походить,Бирюк_и_др_2008
жутко,похудеть,Бирюк_и_др_2008
страшно,похудеть,Бирюк_и_др_2008
высоко,почитать,Бирюк_и_др_2008
глубоко,почитать,Бирюк_и_др_2008
глубоко,почувствовать,Бирюк_и_др_2008
широко,практиковать,Бирюк_и_др_2008
всячески,превозносить,Бирюк_и_др_2008
до небес,превозносить,Бирюк_и_др_2008
до облаков,превозносить,Бирюк_и_др_2008
существенно,превысить,Бирюк_и_др_2008
настойчиво,предлагать,СинТагРус2024
без колебаний,предпочесть,Бирюк_и_др_2008
безусловно,предпочесть,Бирюк_и_др_2008
серьезно,предупредить,Бирюк_и_др_2008
всеми фибрами души,презирать,Бирюк_и_др_2008
глубоко,презирать,Бирюк_и_др_2008
очень,презирать,Бирюк_и_др_2008
безоговорочно,прекратить,Бирюк_и_др_2008
полностью,прекратить,Бирюк_и_др_2008
всецело,преобладать,Бирюк_и_др_2008
неузнаваемо,преобразиться,Бирюк_и_др_2008
в корне,преобразовать,Бирюк_и_др_2008
до неузнаваемости,преобразовать,Бирюк_и_др_2008
коренным образом,преобразовать,Бирюк_и_др_2008
полностью,преобразовать,Бирюк_и_др_2008
радикально,преобразовать,Бирюк_и_др_2008
совсем,преобразовать,Бирюк_и_др_2008
полностью,преодолеть,Бирюк_и_др_2008
активно,препятствовать,Бирюк_и_др_2008
всемерно,препятствовать,Бирюк_и_др_2008
всеми силами,препятствовать,Бирюк_и_др_2008
всячески,препятствовать,Бирюк_и_др_2008
безжалостно,пресечь,Бирюк_и_др_2008
в корне,пресечь,Бирюк_и_др_2008
всячески,преследовать,Бирюк_и_др_2008
неутомимо,преследовать,Бирюк_и_др_2008
здорово,преувеличить,Бирюк_и_др_2008
бурно,приветствовать,Бирюк_и_др_2008
горячо,приветствовать,Бирюк_и_др_2008
широко,привлекать,Бирюк_и_др_2008
широко,привлечь,Бирюк_и_др_2008
неукоснительно,придерживаться,Бирюк_и_др_2008
строго,придерживаться,"Бирюк_и_др_2008, СинТагРус2024"
твердо,придерживаться,Бирюк_и_др_2008
активно,применять,Бирюк_и_др_2008
широко,применять,СинТагРус2024
широко,применяться,"Бирюк_и_др_2008, СинТагРус2024"
близко,примыкать,СинТагРус2024
безраздельно,принадлежать,Бирюк_и_др_2008
безоговорочно,принять,Бирюк_и_др_2008
отменно,принять,Бирюк_и_др_2008
неудержимо,притягивать,Бирюк_и_др_2008
детально,проанализировать,СинТагРус2024
полностью,проанализировать,Бирюк_и_др_2008
всесторонне,проверить,Бирюк_и_др_2008
дотошно,проверять,Бирюк_и_др_2008
насквозь,прогнивать,СинТагРус2024
зверски,проголодаться,Бирюк_и_др_2008
здорово,проголодаться,Бирюк_и_др_2008
страшно,проголодаться,Бирюк_и_др_2008
до нитки,прогореть,Бирюк_и_др_2008
неуклонно,продолжать,Бирюк_и_др_2008
до костей,продрогнуть,Бирюк_и_др_2008
до мозга костей,продрогнуть,Бирюк_и_др_2008
всесторонне,продумать,Бирюк_и_др_2008
глубоко,продумать,Бирюк_и_др_2008
в дым,проиграться,Бирюк_и_др_2008
до нитки,проиграться,Бирюк_и_др_2008
до костей,промерзнуть,Бирюк_и_др_2008
до костей,промокнуть,Бирюк_и_др_2008
до нитки,промокнуть,Бирюк_и_др_2008
насквозь,промокнуть,Бирюк_и_др_2008
до нитки,промочить,Бирюк_и_др_2008
насквозь,пронизывать,Бирюк_и_др_2008
глубоко,проникать,Бирюк_и_др_2008
глубоко,проникаться,Бирюк_и_др_2008
основательно,проникнуться,Бирюк_и_др_2008
всемерно,пропагандировать,Бирюк_и_др_2008
широко,пропагандировать,Бирюк_и_др_2008
бесследно,пропадать,СинТагРус2024
безвозвратно,пропасть,Бирюк_и_др_2008
бесследно,пропасть,Бирюк_и_др_2008
начисто,пропасть,Бирюк_и_др_2008
полностью,пропасть,Бирюк_и_др_2008
совсем,пропасть,Бирюк_и_др_2008
горячо,просить,Бирюк_и_др_2008
настоятельно,просить,"Бирюк_и_др_2008, СинТагРус2024"
убедительно,просить,СинТагРус2024
широко,прославиться,Бирюк_и_др_2008
насквозь,просматривать,Бирюк_и_др_2008
насквозь,простреливать,Бирюк_и_др_2008
сильно,простужаться,СинТагРус2024
здорово,просчитаться,Бирюк_и_др_2008
серьезно,просчитаться,Бирюк_и_др_2008
страшно,просчитаться,Бирюк_и_др_2008
бурно,протекать,Бирюк_и_др_2008
горячо,протестовать,Бирюк_и_др_2008
категорически,протестовать,Бирюк_и_др_2008
всемерно,противодействовать,Бирюк_и_др_2008
в корне,противоречить,Бирюк_и_др_2008
прямо,противоречить,СинТагРус2024
серьезно,противоречить,Бирюк_и_др_2008
ярко,проявиться,Бирюк_и_др_2008
ярко,проявляться,СинТагРус2024
страшно,пугать,Бирюк_и_др_2008
отчаянно,пугаться,Бирюк_и_др_2008
безбожно,путать,Бирюк_и_др_2008
непробудно,пьянствовать,Бирюк_и_др_2008
активно,работать,Бирюк_и_др_2008
бешено,работать,Бирюк_и_др_2008
больше,работать,СинТагРус2024
до изнеможения,работать,Бирюк_и_др_2008
до самозабвения,работать,Бирюк_и_др_2008
до седьмого пота,работать,Бирюк_и_др_2008
запоем,работать,Бирюк_и_др_2008
много,работать,СинТагРус2024
неутомимо,работать,Бирюк_и_др_2008
глубоко,радовать,Бирюк_и_др_2008
страшно,радовать,Бирюк_и_др_2008
несказанно,радоваться,Бирюк_и_др_2008
от (всей) души,радоваться,Бирюк_и_др_2008
очень,радоваться,Бирюк_и_др_2008
страшно,радоваться,Бирюк_и_др_2008
вдребезги,разбиваться,СинТагРус2024
вполне,разбираться,СинТагРус2024
хорошо,разбираться,СинТагРус2024
вдребезги,разбить,Бирюк_и_др_2008
наголову,разбить,Бирюк_и_др_2008
полностью,разбить,Бирюк_и_др_2008
совсем,разбить,Бирюк_и_др_2008
вдребезги,разбиться,Бирюк_и_др_2008
совсем,разболеться,Бирюк_и_др_2008
совсем,разболтаться,Бирюк_и_др_2008
широко,развернуть,Бирюк_и_др_2008
активно,развиваться,Бирюк_и_др_2008
бурно,развиваться,СинТагРус2024
стремительно,развиваться,СинТагРус2024
всемерно,развить,Бирюк_и_др_2008
всесторонне,развить,Бирюк_и_др_2008
всячески,развить,Бирюк_и_др_2008
здорово,разволноваться,Бирюк_и_др_2008
до нитки,разворовать,Бирюк_и_др_2008
долго,разговаривать,СинТагРус2024
до нитки,разграбить,Бирюк_и_др_2008
четко,разграничивать,СинТагРус2024
наголову,разгромить,Бирюк_и_др_2008
основательно,разгромить,Бирюк_и_др_2008
полностью,разгромить,Бирюк_и_др_2008
полностью,разделить,Бирюк_и_др_2008
всецело,разделять,Бирюк_и_др_2008
до нитки,раздеть,Бирюк_и_др_2008
глубоко,раздражать,Бирюк_и_др_2008
страшно,раздражать,Бирюк_и_др_2008
до неприличия,раздуться,Бирюк_и_др_2008
широко,разлиться,Бирюк_и_др_2008
сильно,различаться,СинТагРус2024
существенно,различаться,СинТагРус2024
хорошо,различаться,СинТагРус2024
совсем,разлюбить,Бирюк_и_др_2008
резко,разниться,СинТагРус2024
сильно,разниться,СинТагРус2024
существенно,разниться,СинТагРус2024
полностью,разоблачить,Бирюк_и_др_2008
до нитки,разорить,Бирюк_и_др_2008
полностью,разорить,Бирюк_и_др_2008
начисто,разориться,Бирюк_и_др_2008
горько,разочаровать,Бирюк_и_др_2008
полностью,разочаровать,Бирюк_и_др_2008
совсем,разочаровать,Бирюк_и_др_2008
страшно,разочаровать,Бирюк_и_др_2008
глубоко,разочароваться,Бирюк_и_др_2008
горько,разочароваться,Бирюк_и_др_2008
полностью,разочароваться,Бирюк_и_др_2008
страшно,разочароваться,Бирюк_и_др_2008
активно,разрабатывать,СинТагРус2024
активно,разрабатываться,СинТагРус2024
здорово,разрастаться,Бирюк_и_др_2008
густо,разрастись,Бирюк_и_др_2008
полностью,разрушать,СинТагРус2024
полностью,разрушаться,СинТагРус2024
вконец,разрушить,Бирюк_и_др_2008
до основания,разрушить,Бирюк_и_др_2008
непоправимо,разрушить,Бирюк_и_др_2008
основательно,разрушить,Бирюк_и_др_2008
полностью,разрушить,Бирюк_и_др_2008
совершенно,разрушить,Бирюк_и_др_2008
совсем,разрушить,Бирюк_и_др_2008
глубоко,разъяснять,СинТагРус2024
глубоко,ранить,Бирюк_и_др_2008
серьезно,ранить,Бирюк_и_др_2008
тяжело,ранить,"Бирюк_и_др_2008, СинТагРус2024"
глубоко,раскаиваться,Бирюк_и_др_2008
очень,раскаиваться,Бирюк_и_др_2008
горько,раскаяться,Бирюк_и_др_2008
полностью,раскаяться,Бирюк_и_др_2008
широко,раскинуться,Бирюк_и_др_2008
здорово,раскритиковать,Бирюк_и_др_2008
жестко,раскритиковывать,СинТагРус2024
всесторонне,раскрыть,Бирюк_и_др_2008
полностью,раскрыть,Бирюк_и_др_2008
вовсю,распекать,Бирюк_и_др_2008
жестоко,расплачиваться,Бирюк_и_др_2008
широко,распространить,Бирюк_и_др_2008
совсем,расслабиться,Бирюк_и_др_2008
внимательно,рассматривать,СинТагРус2024
детально,рассматривать,СинТагРус2024
превесело,рассмеяться,СинТагРус2024
всесторонне,рассмотреть,Бирюк_и_др_2008
досконально,рассмотреть,Бирюк_и_др_2008
вконец,расстроить,Бирюк_и_др_2008
до слез,расстроить,Бирюк_и_др_2008
здорово,расстроить,Бирюк_и_др_2008
совершенно,расстроить,Бирюк_и_др_2008
совсем,расстроить,Бирюк_и_др_2008
страшно,расстроить,Бирюк_и_др_2008
вконец,расстроиться,Бирюк_и_др_2008
до слез,расстроиться,Бирюк_и_др_2008
здорово,расстроиться,Бирюк_и_др_2008
совершенно,расстроиться,Бирюк_и_др_2008
совсем,расстроиться,Бирюк_и_др_2008
страшно,расстроиться,Бирюк_и_др_2008
твердо,рассчитывать,"Бирюк_и_др_2008, СинТагРус2024"
совершенно,растеряться,Бирюк_и_др_2008
безудержно,расти,Бирюк_и_др_2008
бурно,расти,"Бирюк_и_др_2008, СинТагРус2024"
быстро,расти,СинТагРус2024
неуклонно,расти,"Бирюк_и_др_2008, СинТагРус2024"
резко,расти,СинТагРус2024
стремительно,расти,СинТагРус2024
страшно,растолстеть,Бирюк_и_др_2008
до глубины души,растрогать,Бирюк_и_др_2008
до слез,растрогать,Бирюк_и_др_2008
кардинально,расходиться,СинТагРус2024
сильно,расходиться,СинТагРус2024
существенно,расходиться,СинТагРус2024
существенно,расширить,Бирюк_и_др_2008
основательно,расшириться,Бирюк_и_др_2008
существенно,расшириться,Бирюк_и_др_2008
безгранично,расширять,Бирюк_и_др_2008
значительно,расширяться,СинТагРус2024
бешено,рвать,Бирюк_и_др_2008
полностью,реабилитировать,Бирюк_и_др_2008
бурно,реагировать,Бирюк_и_др_2008
полностью,реализовать,Бирюк_и_др_2008
во все горло,реветь,Бирюк_и_др_2008
во всю мочь,реветь,Бирюк_и_др_2008
надрывно,реветь,Бирюк_и_др_2008
оглушительно,реветь,Бирюк_и_др_2008
адски,ревновать,Бирюк_и_др_2008
без памяти,ревновать,Бирюк_и_др_2008
безумно,ревновать,Бирюк_и_др_2008
бешено,ревновать,Бирюк_и_др_2008
дико,ревновать,Бирюк_и_др_2008
до безумия,ревновать,Бирюк_и_др_2008
до ужаса,ревновать,Бирюк_и_др_2008
до умопомрачения,ревновать,Бирюк_и_др_2008
очень,ревновать,Бирюк_и_др_2008
смертельно,ревновать,Бирюк_и_др_2008
страшно,ревновать,Бирюк_и_др_2008
активно,рекламировать,Бирюк_и_др_2008
широко,рекламировать,Бирюк_и_др_2008
шумно,рекламировать,Бирюк_и_др_2008
настойчиво,рекомендовать,СинТагРус2024
настоятельно,рекомендовать,"Бирюк_и_др_2008, СинТагРус2024"
твердо,решать,СинТагРус2024
бесповоротно,решить,Бирюк_и_др_2008
окончательно,решить,СинТагРус2024
отчаянно,рисковать,Бирюк_и_др_2008
сильно,рисковать,СинТагРус2024
смертельно,рисковать,Бирюк_и_др_2008
страшно,рисковать,Бирюк_и_др_2008
на чем свет стоит,ругать,Бирюк_и_др_2008
отчаянно,ругать,Бирюк_и_др_2008
страшно,ругать,Бирюк_и_др_2008
отчаянно,ругаться,Бирюк_и_др_2008
страшно,ругаться,Бирюк_и_др_2008
неуклонно,руководствоваться,Бирюк_и_др_2008
безутешно,рыдать,Бирюк_и_др_2008
горько,рыдать,Бирюк_и_др_2008
неутешно,рыдать,Бирюк_и_др_2008
бешено,сверкать,Бирюк_и_др_2008
вовсю,светить,Бирюк_и_др_2008
ослепительно,светить,Бирюк_и_др_2008
ярко,светить,СинТагРус2024
ярко,светиться,СинТагРус2024
неопровержимо,свидетельствовать,Бирюк_и_др_2008
ярко,свидетельствовать,СинТагРус2024
крепко,связать,Бирюк_и_др_2008
намертво,связать,Бирюк_и_др_2008
крепко,связывать,Бирюк_и_др_2008
напрямую,связывать,СинТагРус2024
неразрывно,связывать,СинТагРус2024
прямо,связывать,СинТагРус2024
тесно,связывать,СинТагРус2024
полностью,сгореть,Бирюк_и_др_2008
здорово,сердиться,Бирюк_и_др_2008
страшно,сердиться,Бирюк_и_др_2008
серьезно,сетовать,Бирюк_и_др_2008
во весь опор,скакать,Бирюк_и_др_2008
резко,скакнуть,СинТагРус2024
глубоко,скорбеть,Бирюк_и_др_2008
глубоко,скрывать,Бирюк_и_др_2008
до смерти,скучать,Бирюк_и_др_2008
зверски,скучать,Бирюк_и_др_2008
смертельно,скучать,Бирюк_и_др_2008
бдительно,следить,Бирюк_и_др_2008
во все глаза,следить,Бирюк_и_др_2008
дотошно,следить,Бирюк_и_др_2008
зорко,следить,СинТагРус2024
неуклонно,следовать,Бирюк_и_др_2008
неукоснительно,следовать,"Бирюк_и_др_2008, СинТагРус2024"
слепо,следовать,Бирюк_и_др_2008
твердо,следовать,Бирюк_и_др_2008
беззаветно,служить,Бирюк_и_др_2008
внимательно,слушать,СинТагРус2024
открыв рот,слушать,Бирюк_и_др_2008
разинув рот,слушать,Бирюк_и_др_2008
безоговорочно,слушаться,Бирюк_и_др_2008
безропотно,слушаться,Бирюк_и_др_2008
беспрекословно,слушаться,Бирюк_и_др_2008
сильно,смахивать,СинТагРус2024
безудержно,смеяться,Бирюк_и_др_2008
громко,смеяться,СинТагРус2024
до колик,смеяться,Бирюк_и_др_2008
до слез,смеяться,Бирюк_и_др_2008
до упаду,смеяться,Бирюк_и_др_2008
оглушительно,смеяться,Бирюк_и_др_2008
от (всей) души,смеяться,Бирюк_и_др_2008
внимательно,смотреть,СинТагРус2024
во все глаза,смотреть,Бирюк_и_др_2008
пристально,смотреть,СинТагРус2024
здорово,смутить,Бирюк_и_др_2008
страшно,смутить,Бирюк_и_др_2008
жутко,смутиться,Бирюк_и_др_2008
здорово,смутиться,Бирюк_и_др_2008
страшно,смутиться,Бирюк_и_др_2008
щедро,снабдить,Бирюк_и_др_2008
резко,снижать,СинТагРус2024
кардинально,снижаться,СинТагРус2024
резко,снижаться,СинТагРус2024
существенно,снизить,Бирюк_и_др_2008
существенно,снизиться,Бирюк_и_др_2008
неуклонно,соблюдать,Бирюк_и_др_2008
неукоснительно,соблюдать,"Бирюк_и_др_2008, СинТагРус2024"
свято,соблюдать,Бирюк_и_др_2008
строго,соблюдать,"Бирюк_и_др_2008, СинТагРус2024"
всемерно,совершенствовать,Бирюк_и_др_2008
всесторонне,совершенствовать,Бирюк_и_др_2008
всемерно,совершенствоваться,Бирюк_и_др_2008
всесторонне,совершенствоваться,Бирюк_и_др_2008
настоятельно,советовать,"Бирюк_и_др_2008, СинТагРус2024"
очень,советовать,СинТагРус2024
серьезно,советовать,Бирюк_и_др_2008
полностью,совпадать,СинТагРус2024
абсолютно,совпасть,Бирюк_и_др_2008
полностью,совпасть,Бирюк_и_др_2008
совершенно,совпасть,Бирюк_и_др_2008
без колебаний,согласиться,Бирюк_и_др_2008
безоговорочно,согласиться,Бирюк_и_др_2008
полностью,согласиться,Бирюк_и_др_2008
совершенно,согласиться,Бирюк_и_др_2008
полностью,соглашаться,СинТагРус2024
активно,содействовать,Бирюк_и_др_2008
всемерно,содействовать,Бирюк_и_др_2008
всячески,содействовать,Бирюк_и_др_2008
крепко,соединить,Бирюк_и_др_2008
намертво,соединить,Бирюк_и_др_2008
всем сердцем,сожалеть,Бирюк_и_др_2008
глубоко,сожалеть,Бирюк_и_др_2008
очень,сожалеть,Бирюк_и_др_2008
страшно,сожалеть,Бирюк_и_др_2008
глубоко,сознавать,Бирюк_и_др_2008
в значительной мере (степени),сократить,Бирюк_и_др_2008
до неприличия,сократить,Бирюк_и_др_2008
здорово,сократить,Бирюк_и_др_2008
катастрофически,сократить,Бирюк_и_др_2008
существенно,сократить,Бирюк_и_др_2008
здорово,сократиться,Бирюк_и_др_2008
катастрофически,сократиться,Бирюк_и_др_2008
существенно,сократиться,Бирюк_и_др_2008
резко,сокращать,СинТагРус2024
резко,сокращаться,СинТагРус2024
существенно,сокращаться,СинТагРус2024
неутешно,сокрушаться,Бирюк_и_др_2008
сильно,сомневаться,СинТагРус2024
полностью,соответствовать,"Бирюк_и_др_2008, СинТагРус2024"
строго,соответствовать,Бирюк_и_др_2008
бешено,сопротивляться,Бирюк_и_др_2008
всячески,сопротивляться,Бирюк_и_др_2008
неистово,сопротивляться,Бирюк_и_др_2008
ожесточенно,сопротивляться,Бирюк_и_др_2008
отчаянно,сопротивляться,Бирюк_и_др_2008
яростно,сопротивляться,Бирюк_и_др_2008
страшно,соскучиться,Бирюк_и_др_2008
активно,сотрудничать,Бирюк_и_др_2008
всесторонне,сотрудничать,Бирюк_и_др_2008
всемерно,сохранять,Бирюк_и_др_2008
неразрывно,сочетаться,Бирюк_и_др_2008
глубоко,сочувствовать,Бирюк_и_др_2008
крепко,спаивать,Бирюк_и_др_2008
без задних ног,спать,Бирюк_и_др_2008
безмятежно,спать,Бирюк_и_др_2008
крепко,спать,Бирюк_и_др_2008
мертвецки,спать,Бирюк_и_др_2008
мертвецким сном,спать,Бирюк_и_др_2008
мертвым сном,спать,Бирюк_и_др_2008
непробудно,спать,Бирюк_и_др_2008
безумно,спешить,Бирюк_и_др_2008
жутко,спешить,Бирюк_и_др_2008
очень,спешить,СинТагРус2024
страшно,спешить,Бирюк_и_др_2008
азартно,спорить,Бирюк_и_др_2008
горячо,спорить,Бирюк_и_др_2008
до бесконечности,спорить,Бирюк_и_др_2008
до хрипоты,спорить,Бирюк_и_др_2008
жарко,спорить,Бирюк_и_др_2008
ожесточенно,спорить,Бирюк_и_др_2008
отчаянно,спорить,Бирюк_и_др_2008
шумно,спорить,Бирюк_и_др_2008
активно,способствовать,Бирюк_и_др_2008
всемерно,способствовать,Бирюк_и_др_2008
всячески,способствовать,Бирюк_и_др_2008
немало,способствовать,СинТагРус2024
глубоко,спрятать,Бирюк_и_др_2008
до последнего патрона,сражаться,Бирюк_и_др_2008
до последней капли крови,сражаться,Бирюк_и_др_2008
не щадя живота своего,сражаться,Бирюк_и_др_2008
ожесточенно,сражаться,Бирюк_и_др_2008
крупно,ссориться,Бирюк_и_др_2008
серьезно,ссориться,Бирюк_и_др_2008
всеми силами,стараться,Бирюк_и_др_2008
изо всех сил,стараться,Бирюк_и_др_2008
очень,стараться,СинТагРус2024
бдительно,стеречь,Бирюк_и_др_2008
неусыпно,стеречь,Бирюк_и_др_2008
до боли,стесняться,Бирюк_и_др_2008
дорого,стоить,СинТагРус2024
надрывно,стонать,Бирюк_и_др_2008
бдительно,сторожить,Бирюк_и_др_2008
крепко,сторожить,Бирюк_и_др_2008
глубоко,страдать,Бирюк_и_др_2008
жестоко,страдать,Бирюк_и_др_2008
здорово,страдать,Бирюк_и_др_2008
мучительно,страдать,Бирюк_и_др_2008
невыносимо,страдать,Бирюк_и_др_2008
немыслимо,страдать,Бирюк_и_др_2008
очень,страдать,Бирюк_и_др_2008
страшно,страдать,Бирюк_и_др_2008
тяжело,страдать,Бирюк_и_др_2008
всей душой,стремиться,Бирюк_и_др_2008
всеми силами,стремиться,Бирюк_и_др_2008
страстно,стремиться,Бирюк_и_др_2008
крепко,стукнуть,Бирюк_и_др_2008
бешено,стучать,Бирюк_и_др_2008
до боли,стыдиться,Бирюк_и_др_2008
страшно,стыдиться,Бирюк_и_др_2008
активно,субсидировать,СинТагРус2024
быстро,сходить,СинТагРус2024
до упаду,танцевать,Бирюк_и_др_2008
неустанно,твердить,Бирюк_и_др_2008
сильно,темнеть,СинТагРус2024
безумно,торопиться,Бирюк_и_др_2008
жутко,торопиться,Бирюк_и_др_2008
страшно,торопиться,Бирюк_и_др_2008
категорически,требовать,Бирюк_и_др_2008
настоятельно,требовать,"Бирюк_и_др_2008, СинТагРус2024"
до зарезу,требоваться,Бирюк_и_др_2008
глубоко,трогать,Бирюк_и_др_2008
глубоко,тронуть,Бирюк_и_др_2008
безустанно,трудиться,Бирюк_и_др_2008
до седьмого пота,трудиться,Бирюк_и_др_2008
неутомимо,трудиться,Бирюк_и_др_2008
страшно,трясти,Бирюк_и_др_2008
неопровержимо,убедить,Бирюк_и_др_2008
полностью,убедить,Бирюк_и_др_2008
совершенно,убедить,Бирюк_и_др_2008
совсем,убедить,Бирюк_и_др_2008
полностью,убедиться,Бирюк_и_др_2008
абсолютно,убеждать,Бирюк_и_др_2008
глубоко,убеждать,Бирюк_и_др_2008
горячо,убеждать,Бирюк_и_др_2008
истово,убеждать,Бирюк_и_др_2008
безгранично,уважать,Бирюк_и_др_2008
бесконечно,уважать,Бирюк_и_др_2008
беспредельно,уважать,Бирюк_и_др_2008
всей душой,уважать,Бирюк_и_др_2008
глубоко,уважать,"Бирюк_и_др_2008, СинТагРус2024"
резко,увеличивать,СинТагРус2024
резко,увеличиваться,СинТагРус2024
непомерно,увеличить,Бирюк_и_др_2008
резко,увеличить,Бирюк_и_др_2008
страшно,увеличить,Бирюк_и_др_2008
существенно,увеличить,Бирюк_и_др_2008
резко,увеличиться,Бирюк_и_др_2008
страшно,увеличиться,Бирюк_и_др_2008
существенно,увеличиться,Бирюк_и_др_2008
горячо,уверять,Бирюк_и_др_2008
ясно,увидеть,СинТагРус2024
до самозабвения,увлекаться,Бирюк_и_др_2008
очень,увлекаться,Бирюк_и_др_2008
полностью,увлечь,Бирюк_и_др_2008
безвозвратно,увядать,Бирюк_и_др_2008
по уши,увязнуть,Бирюк_и_др_2008
всемерно,углубить,Бирюк_и_др_2008
всесторонне,углублять,Бирюк_и_др_2008
всячески,уговаривать,Бирюк_и_др_2008
отменно,угостить,Бирюк_и_др_2008
полностью,удалить,Бирюк_и_др_2008
что есть силы,ударить,Бирюк_и_др_2008
крепко,ударять,Бирюк_и_др_2008
сильно,ударять,СинТагРус2024
здорово,удивить,Бирюк_и_др_2008
крайне,удивить,Бирюк_и_др_2008
страшно,удивить,Бирюк_и_др_2008
здорово,удивиться,Бирюк_и_др_2008
крайне,удивиться,Бирюк_и_др_2008
страшно,удивиться,Бирюк_и_др_2008
безмерно,удивляться,Бирюк_и_др_2008
глубоко,удовлетворить,Бирюк_и_др_2008
полностью,удовлетворить,Бирюк_и_др_2008
полностью,удовлетворять,СинТагРус2024
безвозвратно,уйти,Бирюк_и_др_2008
всячески,уклоняться,Бирюк_и_др_2008
глубоко,укорениться,Бирюк_и_др_2008
глубоко,укоренять,Бирюк_и_др_2008
глубоко,укореняться,Бирюк_и_др_2008
горько,укорять,Бирюк_и_др_2008
всемерно,укрепить,Бирюк_и_др_2008
всячески,укрепить,Бирюк_и_др_2008
здорово,укрепить,Бирюк_и_др_2008
основательно,укрепить,Бирюк_и_др_2008
серьезно,укрепить,Бирюк_и_др_2008
активно,укреплять,Бирюк_и_др_2008
быстро,улетать,СинТагРус2024
всемерно,улучшать,Бирюк_и_др_2008
заметно,улучшать,СинТагРус2024
значительно,улучшать,СинТагРус2024
резко,улучшать,СинТагРус2024
существенно,улучшать,СинТагРус2024
заметно,улучшаться,СинТагРус2024
значительно,улучшаться,СинТагРус2024
в значительной мере (степени),улучшить,Бирюк_и_др_2008
значительно,улучшить,СинТагРус2024
коренным образом,улучшить,Бирюк_и_др_2008
резко,улучшить,Бирюк_и_др_2008
серьезно,улучшить,Бирюк_и_др_2008
существенно,улучшить,Бирюк_и_др_2008
значительно,улучшиться,СинТагРус2024
резко,улучшиться,Бирюк_и_др_2008
серьезно,улучшиться,Бирюк_и_др_2008
существенно,улучшиться,Бирюк_и_др_2008
во весь рот,улыбаться,Бирюк_и_др_2008
ослепительно,улыбаться,Бирюк_и_др_2008
широко,улыбаться,СинТагРус2024
резко,уменьшаться,СинТагРус2024
сильно,уменьшаться,СинТагРус2024
здорово,уменьшить,Бирюк_и_др_2008
резко,уменьшить,"Бирюк_и_др_2008, СинТагРус2024"
существенно,уменьшить,Бирюк_и_др_2008
здорово,уменьшиться,Бирюк_и_др_2008
резко,уменьшиться,Бирюк_и_др_2008
существенно,уменьшиться,Бирюк_и_др_2008
всячески,унижать,Бирюк_и_др_2008
всячески,унижаться,Бирюк_и_др_2008
до глубины души,унизить,Бирюк_и_др_2008
полностью,уничтожать,СинТагРус2024
безжалостно,уничтожить,Бирюк_и_др_2008
полностью,уничтожить,Бирюк_и_др_2008
колоссально,упасть,Бирюк_и_др_2008
горько,упрекнуть,Бирюк_и_др_2008
в значительной мере (степени),упростить,Бирюк_и_др_2008
максимально,упростить,Бирюк_и_др_2008
безвозвратно,упускать,СинТагРус2024
глубоко,усвоить,Бирюк_и_др_2008
колоссально,усилить,Бирюк_и_др_2008
резко,усилить,Бирюк_и_др_2008
существенно,усилить,Бирюк_и_др_2008
колоссально,усилиться,Бирюк_и_др_2008
резко,усилиться,Бирюк_и_др_2008
существенно,усилиться,Бирюк_и_др_2008
в значительной мере (степени),ускорить,Бирюк_и_др_2008
здорово,ускорить,Бирюк_и_др_2008
резко,ускорить,Бирюк_и_др_2008
здорово,ускориться,Бирюк_и_др_2008
крепко,уснуть,Бирюк_и_др_2008
совершенно,успокоить,Бирюк_и_др_2008
совсем,успокоить,Бирюк_и_др_2008
совершенно,успокоиться,Бирюк_и_др_2008
совсем,успокоиться,Бирюк_и_др_2008
безмерно,уставать,Бирюк_и_др_2008
безумно,уставать,Бирюк_и_др_2008
до умопомрачения,уставать,Бирюк_и_др_2008
сильно,уставать,СинТагРус2024
жестко,устанавливать,СинТагРус2024
безнадежно,устареть,Бирюк_и_др_2008
адски,устать,Бирюк_и_др_2008
дико,устать,Бирюк_и_др_2008
до невозможности,устать,Бирюк_и_др_2008
до полусмерти,устать,Бирюк_и_др_2008
до потери сознания,устать,Бирюк_и_др_2008
до предела,устать,Бирюк_и_др_2008
до смерти,устать,Бирюк_и_др_2008
жутко,устать,Бирюк_и_др_2008
зверски,устать,Бирюк_и_др_2008
здорово,устать,Бирюк_и_др_2008
изрядно,устать,Бирюк_и_др_2008
крайне,устать,Бирюк_и_др_2008
порядком,устать,Бирюк_и_др_2008
порядочно,устать,Бирюк_и_др_2008
смертельно,устать,Бирюк_и_др_2008
страшно,устать,Бирюк_и_др_2008
безапелляционно,утверждать,Бирюк_и_др_2008
категорически,утверждать,Бирюк_и_др_2008
безвозвратно,утратить,Бирюк_и_др_2008
полностью,утратить,Бирюк_и_др_2008
полностью,утрачивать,СинТагРус2024
значительно,ухудшаться,СинТагРус2024
резко,ухудшаться,СинТагРус2024
катастрофически,ухудшить,Бирюк_и_др_2008
резко,ухудшить,Бирюк_и_др_2008
катастрофически,ухудшиться,Бирюк_и_др_2008
резко,ухудшиться,Бирюк_и_др_2008
активно,участвовать,"Бирюк_и_др_2008, СинТагРус2024"
до глубины души,уязвить,Бирюк_и_др_2008
глубоко,уязвлять,Бирюк_и_др_2008
глубоко,уяснить,Бирюк_и_др_2008
без удержу,хвалить,Бирюк_и_др_2008
горячо,хвалить,Бирюк_и_др_2008
страшно,хвалить,Бирюк_и_др_2008
без удержу,хвастаться,Бирюк_и_др_2008
безбожно,хвастаться,Бирюк_и_др_2008
бессовестно,хвастаться,Бирюк_и_др_2008
бесстыдно,хвастаться,Бирюк_и_др_2008
страшно,хвастаться,Бирюк_и_др_2008
нещадно,хлестать,Бирюк_и_др_2008
громко,хлопать,СинТагРус2024
безустанно,хлопотать,Бирюк_и_др_2008
быстро,ходить,СинТагРус2024
безумно,хотеть,Бирюк_и_др_2008
всей душой,хотеть,Бирюк_и_др_2008
всем сердцем,хотеть,Бирюк_и_др_2008
до боли,хотеть,Бирюк_и_др_2008
до смерти,хотеть,Бирюк_и_др_2008
страстно,хотеть,Бирюк_и_др_2008
страшно,хотеть,Бирюк_и_др_2008
безумно,хотеться,Бирюк_и_др_2008
до боли,хотеться,Бирюк_и_др_2008
во все горло,хохотать,Бирюк_и_др_2008
дико,хохотать,Бирюк_и_др_2008
до колик,хохотать,Бирюк_и_др_2008
до слез,хохотать,Бирюк_и_др_2008
до упаду,хохотать,Бирюк_и_др_2008
неудержимо,хохотать,Бирюк_и_др_2008
оглушительно,хохотать,Бирюк_и_др_2008
от (всей) души,хохотать,Бирюк_и_др_2008
безраздельно,царить,Бирюк_и_др_2008
безудержно,целовать,Бирюк_и_др_2008
горячо,целовать,Бирюк_и_др_2008
жарко,целовать,Бирюк_и_др_2008
высоко,ценить,Бирюк_и_др_2008
глубоко,ценить,Бирюк_и_др_2008
по-настоящему,ценить,Бирюк_и_др_2008
запоем,читать,Бирюк_и_др_2008
высоко,чтить,Бирюк_и_др_2008
глубоко,чтить,Бирюк_и_др_2008
свято,чтить,Бирюк_и_др_2008
глубоко,чувствовать,Бирюк_и_др_2008
остро,чувствоваться,СинТагРус2024
крупно,штрафовать,Бирюк_и_др_2008
невыносимо,шуметь,Бирюк_и_др_2008
нестерпимо,шуметь,Бирюк_и_др_2008
страшно,шуметь,Бирюк_и_др_2008
всемерно,экономить,Бирюк_и_др_2008
всячески,экономить,Бирюк_и_др_2008
жестко,экономить,Бирюк_и_др_2008
бесчеловечно,эксплуатировать,Бирюк_и_др_2008
нещадно,эксплуатировать,Бирюк_и_др_2008
страшно,эксплуатировать,Бирюк_и_др_2008
полностью,экспроприировать,Бирюк_и_др_2008